"Table No.","Table Description","Total","Less than 10 employees","10-24 employees","25-99 employees","100-999 employees","1000 or more employees","Less than 50 employees","50 or more employees","Std. Err. Total","Std. Err. Less than 10 employees","Std. Err. 10-24 employees","Std. Err. 25-99 employees","Std. Err. 100-999 employees","Std. Err. 1000 or more employees","Std. Err. Less than 50 employees","Std. Err. 50 or more employees"
"II.A.1","Number of establishments","33,065 ","15,599 ","3,771 ","2,830 ","2,826 ","8,039 ","20,592 ","12,473 ","1,132 ","867 ","492 ","354 ","176 ","828 ","854 ","856 "
"II.A.1.a","Percent of number of establishments","33,065 ","47.2% ","11.4% ","8.6% ","8.5% ","24.3% ","62.3% ","37.7% ","1,132 ","2.05% ","1.53% ","1.10% ","0.62% ","2.01% ","1.99% ","1.99% "
"II.A.2","Percent of establishments that offer health insurance","47.9% ","18.3%*","39.1% ","55.3% ","92.3% ","91.4% ","23.7% ","87.9% ","3.43% ","6.95%*","8.69% ","8.32% ","3.80% ","4.41% ","5.43% ","3.45% "
"II.A.2.b","Percent of establishments that offer health insurance that offer at least one health insurance plan that required no contribution from the employee for single coverage","20.1% ","suppressed","suppressed","16.5%*","4.5%*","9.1%*","45.8% ","8.7%*","4.79% ","suppressed","suppressed","7.78%*","1.96%*","5.19%*","13.31% ","3.64%*"
"II.A.2.b.(1)","Percent of establishments that offer health insurance that offer an exclusive-provider plan that required no contribution from the employee for single coverage","4.4%*","suppressed","0% ","5.4%*","0% ","1.3%*","10.5%*","1.6%*","2.43%*","suppressed","0% ","5.21%*","0% ","1.18%*","7.47%*","1.09%*"
"II.A.2.b.(2)","Percent of establishments that offer health insurance that offer a mixed-provider plan that required no contribution from the employee for single coverage","9.1%*","suppressed","suppressed","11.1%*","1.9%*","1.8%*","24.2%*","2.3%*","3.52%*","suppressed","suppressed","6.30%*","1.32%*","1.14%*","10.86%*","1.08%*"
"II.A.2.b.(3)","Percent of establishments that offer health insurance that offer an any-provider plan that required no contribution from the employee for single coverage","6.8%*","suppressed","suppressed","0% ","3.3%*","6.0%*","11.1%*","suppressed","3.04%*","suppressed","suppressed","0% ","1.65%*","4.98%*","6.49%*","suppressed"
"II.A.2.c","Percent of establishments that offer health insurance that offer at least one health insurance plan that required no contribution from the employee for family coverage","5.5%*","suppressed","suppressed","7.5%*","2.4%*","1.7%*","12.4%*","2.4%*","1.97%*","suppressed","suppressed","5.36%*","1.40%*","1.06%*","6.22%*","1.06%*"
"II.A.2.c.(1)","Percent of establishments that offer health insurance that offer an exclusive-provider plan that required no contribution from the employee for family coverage","2.8%*","suppressed","suppressed","0% ","0% ","0.1%*","8.8%*","0.1%*","1.62%*","suppressed","suppressed","0% ","0% ","0.12%*","5.40%*","0.08%*"
"II.A.2.c.(2)","Percent of establishments that offer health insurance that offer a mixed-provider plan that required no contribution from the employee for family coverage","2.2%*","0% ","suppressed","7.5%*","1.9%*","0.5%*","suppressed","1.5%*","1.05%*","0% ","suppressed","5.36%*","1.32%*","0.31%*","suppressed","0.80%*"
"II.A.2.c.(3)","Percent of establishments that offer health insurance that offer an any-provider plan that required no contribution from the employee for family coverage","0.7%*","0% ","0% ","0% ","1.1%*","1.0%*","0% ","1.0%*","0.48%*","0% ","0% ","0% ","0.80%*","1.00%*","0% ","0.69%*"
"II.A.2.d","Percent of establishments that offer health insurance that offer two or more health insurance plans","58.3% ","suppressed","suppressed","41.8% ","50.8% ","93.7% ","11.3%*","79.2% ","5.61% ","suppressed","suppressed","9.84% ","7.85% ","3.37% ","5.04%*","3.61% "
"II.A.2.f","Percent of establishments that offer health insurance that required a waiting period before new employees were eligible for health insurance at establishments","78.4% ","suppressed","83.2% ","79.4% ","84.3% ","82.9% ","68.6% ","82.7% ","4.89% ","suppressed","9.53% ","7.83% ","6.80% ","6.42% ","11.98% ","4.70% "
"II.A.2.i","Percent of establishments that offer health insurance that use a private exchange","26.4% ","suppressed","suppressed","32.3% ","19.6%*","25.9% ","29.6%*","25.0% ","4.93% ","suppressed","suppressed","9.32% ","6.13%*","7.45% ","10.86%*","5.33% "
"II.A.2.l","Percent of private-sector establishments that offer paid sick leave","51.1% ","30.6% ","54.1% ","45.5% ","74.1% ","83.3% ","35.1% ","77.6% ","3.87% ","7.37% ","8.67% ","8.20% ","6.86% ","5.48% ","5.77% ","4.30% "
"II.A.2.m","Percent of private-sector establishments that offer paid vacation leave","66.7% ","47.3% ","66.2% ","73.4% ","97.3% ","91.3% ","52.2% ","90.5% ","3.68% ","7.30% ","8.17% ","8.29% ","1.84% ","4.42% ","5.70% ","3.26% "
"II.B.1","Number of employees","538,273 ","58,109 ","48,423 ","75,926 ","89,809 ","266,007 ","139,168 ","399,106 ","25,956 ","4,959 ","6,318 ","9,502 ","11,578 ","22,152 ","9,167 ","25,787 "
"II.B.1.a","Percent of number of employees","538,273 ","10.8% ","9.0% ","14.1% ","16.7% ","49.4% ","25.9% ","74.1% ","25,956 ","1.00% ","1.21% ","1.75% ","2.01% ","2.48% ","1.90% ","1.90% "
"II.B.2","Percent of employees in establishments that offer health insurance","79.1% ","18.9%*","41.3% ","66.1% ","95.6% ","97.3% ","36.3% ","94.0% ","2.10% ","6.23%*","8.92% ","8.06% ","2.10% ","1.83% ","5.17% ","1.79% "
"II.B.2.a","Percent of employees eligible for health insurance in establishments that offer health insurance","79.3% ","suppressed","81.6% ","76.9% ","77.0% ","80.2% ","81.5% ","79.0% ","2.37% ","suppressed","7.25% ","7.25% ","4.43% ","3.27% ","4.73% ","2.61% "
"II.B.2.a.(1)","Percent of employees eligible for health insurance that are enrolled in health insurance at establishments that offer health insurance","66.9% ","86.2% ","63.2% ","60.5% ","67.7% ","67.2% ","64.2% ","67.2% ","2.10% ","8.21% ","7.00% ","5.81% ","3.19% ","2.97% ","5.30% ","2.27% "
"II.B.2.b","Percent of employees that are enrolled in health insurance at establishments that offer health insurance","53.0% ","suppressed","51.6% ","46.6% ","52.1% ","53.9% ","52.3% ","53.1% ","2.57% ","suppressed","7.37% ","6.91% ","4.10% ","3.67% ","5.32% ","2.82% "
"II.B.2.b.(1)","Percent of enrollees that are enrolled in self-insured plans at establishments that offer health insurance","72.3% ","0% ","0% ","38.7%*","66.8% ","89.0% ","18.6%*","79.4% ","3.41% ","0% ","0% ","13.50%*","9.13% ","3.07% ","9.24%*","3.38% "
"II.B.2.b.(1).(a)","Percent of private-sector employees that are enrolled in a plan with a third party administrator (TPA) or administrative services only (ASO)","67.0% ","suppressed","suppressed","98.8% ","96.4% ","57.6% ","97.8% ","66.1% ","5.24% ","suppressed","suppressed","1.16% ","2.48% ","6.47% ","2.01% ","5.40% "
"II.B.2.b.(1).(b)","Percent of private-sector employees that are enrolled in a plan with stop-loss coverage","62.1% ","suppressed","suppressed","82.9% ","99.6% ","51.5% ","suppressed","61.4% ","5.69% ","suppressed","suppressed","11.44% ","0.25% ","6.70% ","suppressed","5.83% "
"II.B.2.c","Percent of employees working in establishments that offer two or more health insurance plans","68.5% ","suppressed","suppressed","45.0% ","49.9% ","85.6% ","23.6%*","74.5% ","3.78% ","suppressed","suppressed","11.58% ","10.33% ","4.20% ","9.09%*","3.92% "
"II.B.2.d","Percent of private-sector employees that are enrolled in plans offered through a union (multi-employer health plan (MEHP)) or a trade or business association (AHP)) or neither","0.5%*","3.1%*","96.4% ",,,,,,"0.46%*","1.52%*","1.59% ",,,,,
"II.B.2.e","Percent of private-sector employees in establishments that offer any dependent coverage for employer-sponsored health insurance","96.4% ","suppressed","70.6% ","92.9% ","97.5% ","100% ","74.9% ","99.3% ","1.15% ","suppressed","13.29% ","4.72% ","2.45% ","0% ","8.06% ","0.57% "
"II.B.2.f","Percent of private-sector employees in establishments that offer coverage to same-sex domestic partners for employer-sponsored health insurance","32.5% ","suppressed","suppressed","14.3%*","19.0% ","41.9% ","13.7%*","35.1% ","4.39% ","suppressed","suppressed","7.31%*","5.20% ","6.35% ","6.37%*","4.86% "
"II.B.2.g","Percent of private-sector employees in establishments that offer coverage to opposite-sex domestic partners for employer-sponsored health insurance","32.3% ","suppressed","suppressed","14.3%*","17.8% ","41.9% ","13.7%*","34.8% ","4.39% ","suppressed","suppressed","7.31%*","5.02% ","6.35% ","6.37%*","4.85% "
"II.B.2.h","Percent of private-sector employees in establishments that offer paid sick leave","71.4% ","28.3% ","47.3% ","49.0% ","74.6% ","90.4% ","35.8% ","83.8% ","2.92% ","6.61% ","8.96% ","9.07% ","7.20% ","3.63% ","5.03% ","3.26% "
"II.B.2.i","Percent of private-sector employees in establishments that offer paid vacation leave","87.1% ","49.2% ","65.9% ","84.1% ","97.6% ","96.6% ","63.0% ","95.5% ","1.88% ","7.05% ","8.54% ","6.25% ","1.66% ","1.95% ","4.92% ","1.63% "
"II.B.2.j","Percent of private-sector employees that are enrolled in a plan that covers telemedicine","81.6% ","100% ","72.8% ","93.0% ","92.6% ","75.8% ","89.4% ","80.5% ","2.53% ","0% ","13.67% ","3.92% ","4.97% ","3.60% ","5.95% ","2.77% "
"II.B.2.l","Percent of private-sector employees working in establishments that are able to do their jobs by teleworking","14.6% ","19.9% ","6.9%*","9.1%*","20.2% ","14.6% ","13.6% ","15.0% ","1.85% ","5.05% ","3.72%*","2.87%*","5.62% ","2.88% ","2.89% ","2.29% "
"II.B.2.m","Percent of private-sector employees working in establishments that telework on a regular basis","6.8% ","4.6%*","2.4%*","3.6%*","5.4%*","9.5% ","4.4%*","7.7% ","1.26% ","2.39%*","1.38%*","2.42%*","2.18%*","2.23% ","1.70%*","1.59% "
"II.B.3","Number of full-time employees","402,193 ","37,126 ","32,309 ","52,316 ","72,533 ","207,909 ","92,291 ","309,902 ","22,728 ","3,999 ","5,139 ","7,542 ","11,650 ","18,304 ","8,001 ","22,120 "
"II.B.3.a","Percent of number of full-time employees","402,193 ","9.2% ","8.0% ","13.0% ","18.0% ","51.7% ","22.9% ","77.1% ","22,728 ","1.06% ","1.29% ","1.86% ","2.61% ","2.86% ","2.08% ","2.08% "
"II.B.3.b","Percent of full-time employees at establishments that offer health insurance","84.6% ","26.1%*","51.0% ","78.8% ","97.5% ","97.1% ","47.3% ","95.7% ","1.92% ","8.04%*","10.35% ","6.46% ","1.62% ","1.79% ","5.93% ","1.50% "
"II.B.3.b.(1)","Percent of full-time employees eligible for health insurance at establishments that offer health insurance","91.7% ","suppressed","95.8% ","88.7% ","90.8% ","92.7% ","89.6% ","92.0% ","1.59% ","suppressed","3.12% ","4.49% ","2.54% ","2.29% ","3.62% ","1.75% "
"II.B.3.b.(1).(a)","Percent of full-time employees eligible for health insurance that are enrolled in health insurance at establishments that offer health insurance","70.5% ","86.6% ","65.3% ","62.0% ","68.9% ","72.5% ","65.1% ","71.3% ","1.92% ","8.30% ","7.75% ","6.30% ","2.83% ","2.66% ","5.58% ","2.03% "
"II.B.3.b.(2)","Percent of full-time employees that are enrolled in health insurance at establishments that offer health insurance","64.6% ","suppressed","62.5% ","55.0% ","62.5% ","67.2% ","58.4% ","65.6% ","2.16% ","suppressed","6.67% ","6.99% ","2.92% ","3.07% ","5.27% ","2.33% "
"II.B.4","Number of part-time employees","136,080 ","20,982 ","16,114 ","23,611 ","17,276 ","58,098 ","46,877 ","89,203 ","12,298 ","3,839 ","3,583 ","5,591 ","3,705 ","9,383 ","5,705 ","11,201 "
"II.B.4.a","Percent of number of part-time employees","136,080 ","15.4% ","11.8% ","17.4% ","12.7% ","42.7% ","34.4% ","65.6% ","12,298 ","2.78% ","2.64% ","3.74% ","2.63% ","4.68% ","4.05% ","4.05% "
"II.B.4.b","Percent of part-time employees at establishments that offer health insurance","62.9% ","6.2%*","21.6%*","38.1%*","87.3% ","97.7% ","14.5% ","88.4% ","4.41% ","3.12%*","9.94%*","12.96%*","6.55% ","2.11% ","4.31% ","4.09% "
"II.B.4.b.(1)","Percent of part-time employees eligible for health insurance at establishments that offer health insurance","30.0% ","suppressed","suppressed","suppressed","12.1%*","35.9% ","29.5%*","30.1% ","4.91% ","suppressed","suppressed","suppressed","6.16%*","6.79% ","11.77%*","5.24% "
"II.B.4.b.(1).(a)","Percent of part-time employees eligible for health insurance that are enrolled in health insurance at establishments that offer health insurance","22.7% ","suppressed","suppressed","suppressed","suppressed","19.1% ","suppressed","20.7% ","3.93% ","suppressed","suppressed","suppressed","suppressed","3.48% ","suppressed","3.64% "
"II.B.4.b.(2)","Percent of part-time employees that are enrolled in health insurance at establishments that offer health insurance","6.8% ","suppressed","0% ","suppressed","3.1%*","6.8% ","13.7%*","6.2% ","1.17% ","suppressed","0% ","suppressed","1.21%*","1.34% ","8.01%*","1.08% "
"II.C.1","Average total single premium (in dollars) per enrolled employee at establishments that offer health insurance","8,878 ","suppressed","8,997 ","8,427 ","10,163 ","8,592 ","8,763 ","8,897 ","217.44 ","suppressed","972.00 ","822.22 ","617.28 ","196.27 ","610.86 ","232.38 "
"II.C.1.a","Average total single premium (in dollars) for exclusive-provider plans per enrolled employee at establishments that offer health insurance","8,029 ","suppressed","suppressed","11,050 ","7,500 ","8,063 ","suppressed","8,087 ","261.94 ","suppressed","suppressed","697.51 ","1078.45 ","256.20 ","suppressed","252.68 "
"II.C.1.b","Average total single premium (in dollars) for mixed-provider plans per enrolled employee at establishments that offer health insurance","9,086 ","10,623 ","suppressed","8,939 ","9,834 ","8,672 ","10,093 ","8,912 ","319.61 ","657.41 ","suppressed","1266.93 ","463.18 ","404.41 ","660.23 ","353.00 "
"II.C.1.c","Average total single premium (in dollars) for any-provider plans per enrolled employee at establishments that offer health insurance","9,460 ","suppressed","suppressed","7,299 ","11,675 ","9,820 ","6,797 ","10,044 ","763.45 ","suppressed","suppressed","291.90 ","1463.82 ","999.58 ","488.65 ","862.53 "
"II.C.1.d","Average total single premium (in dollars) for purchased plans per enrolled employee at private-sector establishments that offer health insurance","9,221 ","suppressed","8,997 ","9,286 ","9,706 ","9,319 ","9,198 ","9,234 ","474.47 ","suppressed","972.00 ","1375.72 ","879.83 ","574.61 ","655.73 ","636.20 "
"II.C.1.e","Average total single premium (in dollars) for self-insured plans per enrolled employee at private-sector establishments that offer health insurance","8,724 ","suppressed","suppressed","7,318 ","10,395 ","8,488 ","suppressed","8,795 ","233.20 ","suppressed","suppressed","475.27 ","759.54 ","215.14 ","suppressed","235.51 "
"II.C.2","Average total employee contribution (in dollars) per enrolled employee for single coverage at establishments that offer health insurance","2,012 ","suppressed","suppressed","2,316 ","2,818 ","1,818 ","1,388*","2,118 ","206.88 ","suppressed","suppressed","441.05 ","634.78 ","238.22 ","433.80*","225.13 "
"II.C.2.a","Average total employee contribution (in dollars) for exclusive-provider plans per enrolled employee for single coverage at establishments that offer health insurance","1,025 ","suppressed","suppressed","suppressed","1,727 ","974 ","suppressed","1,034 ","107.98 ","suppressed","suppressed","suppressed","341.70 ","95.40 ","suppressed","93.57 "
"II.C.2.b","Average total employee contribution (in dollars) for mixed-provider plans per enrolled employee for single coverage at establishments that offer health insurance","2,117 ","suppressed","suppressed","1,795 ","3,192*","1,915 ","suppressed","2,210 ","302.27 ","suppressed","suppressed","240.31 ","966.27*","293.11 ","suppressed","321.46 "
"II.C.2.c","Average total employee contribution (in dollars) for any-provider plans per enrolled employee for single coverage at establishments that offer health insurance","3,066 ","0 ","suppressed","suppressed","suppressed","3,894 ","suppressed","3,448 ","571.25 ","0 ","suppressed","suppressed","suppressed","1160.12 ","suppressed","629.79 "
"II.C.2.d","Average total employee contribution (in dollars) for purchased plans per enrolled employee for single coverage at private-sector establishments that offer health insurance","1,638 ","suppressed","suppressed","1,732 ","1,937 ","1,921 ","1,169*","1,898 ","228.35 ","suppressed","suppressed","265.89 ","369.02 ","199.85 ","545.31*","165.66 "
"II.C.2.e","Average total employee contribution (in dollars) for self-insured plans per enrolled employee for single coverage at private-sector establishments that offer health insurance","2,180 ","suppressed","suppressed","suppressed","3,263 ","1,803 ","2,095 ","2,185 ","270.39 ","suppressed","suppressed","suppressed","884.84 ","271.72 ","166.36 ","283.79 "
"II.C.3","Percent of total premiums contributed by employees enrolled in single coverage at establishments that offer health insurance","22.7% ","1.5%*","suppressed","27.5% ","27.7% ","21.2% ","15.8%*","23.8% ","2.31% ","1.14%*","suppressed","6.08% ","6.67% ","2.62% ","4.91%*","2.52% "
"II.C.3.a","Percent of total premiums for exclusive-provider plans contributed by employees enrolled in single coverage at establishments that offer health insurance","12.8% ","suppressed","suppressed","suppressed","23.0% ","12.1% ","suppressed","12.8% ","1.25% ","suppressed","suppressed","suppressed","2.94% ","1.03% ","suppressed","1.02% "
"II.C.3.b","Percent of total premiums for mixed-provider plans contributed by employees enrolled in single coverage at establishments that offer health insurance","23.3% ","1.0%*","suppressed","20.1% ","32.5%*","22.1% ","suppressed","24.8% ","3.22% ","0.82%*","suppressed","3.10% ","9.98%*","3.05% ","suppressed","3.45% "
"II.C.3.c","Percent of total premiums for any-provider plans contributed by employees enrolled in single coverage at establishments that offer health insurance","32.4% ","0% ","suppressed","suppressed","suppressed","39.7% ","suppressed","34.3% ","5.86% ","0% ","suppressed","suppressed","suppressed","8.10% ","suppressed","6.51% "
"II.C.3.d","Percent of total premiums for purchased plans contributed by employees enrolled in single coverage at private sector establishments that offer health insurance","17.8% ","1.5%*","suppressed","18.6% ","20.0% ","20.6% ","12.7%*","20.6% ","2.40% ","1.14%*","suppressed","3.29% ","3.07% ","2.60% ","5.70%*","1.72% "
"II.C.3.e","Percent of total premiums for self-insured plans contributed by employees enrolled in single coverage at private sector establishments that offer health insurance","25.0% ","suppressed","suppressed","suppressed","31.4%*","21.2% ","28.5% ","24.8% ","3.06% ","suppressed","suppressed","suppressed","9.44%*","3.00% ","1.47% ","3.21% "
"II.C.4","Percent of employees enrolled in a health insurance plan that have single coverage","54.4% ","71.0% ","58.1% ","75.5% ","51.3% ","50.7% ","67.2% ","52.7% ","2.73% ","11.25% ","10.75% ","5.79% ","8.05% ","3.03% ","6.61% ","2.91% "
"II.C.4.a","Percent of employees enrolled in a health insurance plan that have single coverage that required no employee contribution","9.5% ","suppressed","suppressed","7.1%*","suppressed","3.8%*","41.7% ","4.0%*","2.34% ","suppressed","suppressed","4.77%*","suppressed","1.72%*","12.07% ","1.37%*"
"II.C.4.b","Percent of private-sector employees enrolled in a health insurance plan that have single coverage that are enrolled in a self-insured plan","69.1% ","0% ","0% ","43.7%*","66.4% ","87.5% ","23.6%*","76.7% ","3.71% ","0% ","0% ","14.66%*","8.12% ","3.43% ","12.02%*","3.69% "
"II.C.5","Percent of private-sector employees enrolled in a purchased health insurance plan that take single coverage","60.8% ","71.0% ","58.1% ","69.4% ","52.0% ","57.9% ","63.0% ","59.6% ","3.55% ","11.25% ","10.75% ","6.45% ","5.95% ","6.19% ","7.08% ","3.89% "
"II.C.6","Percent of private-sector employees enrolled in a self-insured health insurance plan that take single coverage","52.0% ","suppressed","suppressed","85.1% ","50.9% ","49.8% ","suppressed","51.0% ","3.43% ","suppressed","suppressed","7.48% ","11.24% ","3.29% ","suppressed","3.44% "
"II.D.1","Average total family premium (in dollars) per enrolled employee at establishments that offer health insurance","26,094 ","suppressed","21,779 ","25,808 ","27,043 ","25,840 ","24,948 ","26,213 ","552.55 ","suppressed","3330.39 ","2628.10 ","1158.65 ","637.41 ","2993.47 ","526.44 "
"II.D.1.a","Average total family premium (in dollars) for exclusive-provider plans per enrolled employee at establishments that offer health insurance","23,587 ","suppressed","17,448 ","suppressed","suppressed","24,246 ","suppressed","24,154 ","855.43 ","suppressed","1277.46 ","suppressed","suppressed","617.49 ","suppressed","618.54 "
"II.D.1.b","Average total family premium (in dollars) for mixed-provider plans per enrolled employee at establishments that offer health insurance","27,056 ","suppressed","suppressed","suppressed","28,434 ","26,623 ","27,752 ","26,985 ","761.05 ","suppressed","suppressed","suppressed","1527.92 ","886.13 ","3498.90 ","751.91 "
"II.D.1.c","Average total family premium (in dollars) for any-provider plans per enrolled employee at establishments that offer health insurance","25,547 ","suppressed","suppressed","suppressed","26,363 ","23,857 ","suppressed","25,709 ","980.93 ","suppressed","suppressed","suppressed","1514.67 ","924.55 ","suppressed","1017.77 "
"II.D.1.d","Average total family premium (in dollars) for purchased plans per enrolled employee at private-sector establishments that offer health insurance","27,457 ","suppressed","21,779 ","suppressed","29,427 ","28,706 ","24,800 ","28,985 ","1316.70 ","suppressed","3330.39 ","suppressed","1661.21 ","1380.63 ","3094.99 ","1005.08 "
"II.D.1.e","Average total family premium (in dollars) for self-insured plans per enrolled employee at private-sector establishments that offer health insurance","25,644 ","suppressed","suppressed","suppressed","25,956 ","25,579 ","suppressed","25,629 ","579.40 ","suppressed","suppressed","suppressed","1105.53 ","691.11 ","suppressed","581.62 "
"II.D.2","Average total employee contribution (in dollars) per enrolled employee for family coverage at establishments that offer health insurance","5,129 ","suppressed","suppressed","7,937 ","6,694 ","4,083 ","suppressed","4,966 ","551.20 ","suppressed","suppressed","1390.78 ","551.10 ","631.12 ","suppressed","529.45 "
"II.D.2.a","Average total employee contribution (in dollars) for exclusive-provider plans per enrolled employee for family coverage at establishments that offer health insurance","4,169 ","suppressed","suppressed","suppressed","suppressed","4,272 ","suppressed","4,484 ","745.18 ","suppressed","suppressed","suppressed","suppressed","789.81 ","suppressed","753.96 "
"II.D.2.b","Average total employee contribution (in dollars) for mixed-provider plans per enrolled employee for family coverage at establishments that offer health insurance","4,732 ","suppressed","suppressed","5,791 ","6,649 ","3,765 ","suppressed","4,371 ","768.13 ","suppressed","suppressed","368.77 ","1143.38 ","780.37 ","suppressed","683.12 "
"II.D.2.c","Average total employee contribution (in dollars) for any-provider plans per enrolled employee for family coverage at establishments that offer health insurance","7,297 ","suppressed","suppressed","suppressed","6,667 ","suppressed","suppressed","7,128 ","711.37 ","suppressed","suppressed","suppressed","298.63 ","suppressed","suppressed","640.68 "
"II.D.2.d","Average total employee contribution (in dollars) for purchased plans per enrolled employee for family coverage at private-sector establishments that offer health insurance","7,261 ","suppressed","suppressed","suppressed","5,529 ","10,884 ","suppressed","7,600 ","1252.53 ","suppressed","suppressed","suppressed","995.02 ","1859.85 ","suppressed","1077.79 "
"II.D.2.e","Average total employee contribution (in dollars) for self-insured plans per enrolled employee for family coverage at private-sector establishments that offer health insurance","4,424 ","suppressed","suppressed","suppressed","7,225 ","3,465 ","suppressed","4,411 ","559.36 ","suppressed","suppressed","suppressed","712.78 ","545.62 ","suppressed","561.72 "
"II.D.3","Percent of total premiums contributed (in dollars) by employees enrolled in family coverage at establishments that offer health insurance","19.7% ","suppressed","suppressed","30.8% ","24.8% ","15.8% ","suppressed","18.9% ","1.99% ","suppressed","suppressed","6.03% ","2.28% ","2.29% ","suppressed","1.94% "
"II.D.3.a","Percent of total premiums for exclusive-provider plans contributed by employees enrolled in family coverage at establishments that offer health insurance","17.7% ","suppressed","suppressed","suppressed","suppressed","17.6% ","suppressed","18.6% ","2.90% ","suppressed","suppressed","suppressed","suppressed","3.13% ","suppressed","3.00% "
"II.D.3.b","Percent of total premiums for mixed-provider plans contributed by employees enrolled in family coverage at establishments that offer health insurance","17.5% ","suppressed","suppressed","suppressed","23.4% ","14.1% ","suppressed","16.2% ","2.59% ","suppressed","suppressed","suppressed","4.38% ","2.65% ","suppressed","2.31% "
"II.D.3.c","Percent of total premiums for any-provider plans contributed by employees enrolled in family coverage at establishments that offer health insurance","28.6% ","suppressed","suppressed","73.1% ","25.3% ","26.7% ","suppressed","27.7% ","2.68% ","suppressed","suppressed","3.66% ","1.35% ","5.25% ","suppressed","2.38% "
"II.D.3.d","Percent of total premiums for purchased plans contributed by employees enrolled in family coverage at private-sector establishments that offer health insurance","26.4% ","suppressed","suppressed","suppressed","18.8% ","37.9% ","suppressed","26.2% ","4.20% ","suppressed","suppressed","suppressed","3.73% ","7.61% ","suppressed","4.08% "
"II.D.3.e","Percent of total premiums for self-insured plans contributed by employees enrolled in family coverage at private-sector establishments that offer health insurance","17.3% ","suppressed","suppressed","suppressed","27.8% ","13.5% ","suppressed","17.2% ","2.08% ","suppressed","suppressed","suppressed","2.71% ","1.95% ","suppressed","2.09% "
"II.D.4","Percent of employees enrolled in a health insurance plan that have family coverage","28.7% ","suppressed","suppressed","14.5% ","35.2% ","29.1% ","23.0% ","29.4% ","2.73% ","suppressed","suppressed","4.20% ","8.87% ","2.86% ","6.07% ","2.97% "
"II.D.4.a","Percent of employees enrolled in a health insurance plan that have family coverage that required no employee contribution","14.3%*","suppressed","suppressed","0% ","5.5%*","17.3%*","suppressed","13.4%*","6.42%*","suppressed","suppressed","0% ","4.72%*","9.43%*","suppressed","6.91%*"
"II.D.4.b","Percent of private-sector employees enrolled in a health insurance plan that have family coverage that are enrolled in a self-insured plan","75.2% ","0% ","0% ","suppressed","68.7% ","91.7% ","suppressed","82.6% ","4.93% ","0% ","0% ","suppressed","14.71% ","3.15% ","suppressed","4.37% "
"II.D.5","Percent of private-sector employees enrolled in a purchased health insurance plan that have family coverage","25.7% ","suppressed","suppressed","19.2% ","33.3% ","22.1% ","27.3% ","24.9% ","3.29% ","suppressed","suppressed","5.33% ","6.73% ","4.03% ","6.94% ","3.48% "
"II.D.6","Percent of private-sector employees enrolled in a self-insured health insurance plan that have family coverage","29.8% ","suppressed","suppressed","suppressed","36.2%*","29.9% ","suppressed","30.6% ","3.49% ","suppressed","suppressed","suppressed","12.31%*","3.14% ","suppressed","3.55% "
"II.E.1","Average total employee-plus-one premium (in dollars) per enrolled employee at establishments that offer health insurance","18,492 ","suppressed","suppressed","17,153 ","18,870 ","18,817 ","13,947 ","18,824 ","507.83 ","suppressed","suppressed","1752.64 ","1083.62 ","592.54 ","1499.71 ","508.27 "
"II.E.1.d","Average total employee-plus-one premium (in dollars) for purchased plans per enrolled employee at private-sector establishments that offer health insurance","18,610 ","suppressed","suppressed","18,243 ","20,668 ","20,111 ","suppressed","20,191 ","1265.33 ","suppressed","suppressed","2408.84 ","1930.43 ","2244.81 ","suppressed","1299.38 "
"II.E.1.e","Average total employee-plus-one premium (in dollars) for self-insured plans per enrolled employee at private-sector establishments that offer health insurance","18,458 ","suppressed","suppressed","14,635 ","17,845 ","18,659 ","14,726 ","18,525 ","540.63 ","suppressed","suppressed","1105.08 ","1062.42 ","605.09 ","1452.06 ","546.27 "
"II.E.2","Average total employee contribution (in dollars) per enrolled employee for employee-plus-one coverage at establishments that offer health insurance","4,013 ","suppressed","suppressed","5,527 ","5,314 ","3,558 ","5,036 ","3,938 ","294.37 ","suppressed","suppressed","1031.50 ","605.00 ","348.23 ","401.35 ","311.95 "
"II.E.2.d","Average total employee contribution (in dollars) for purchased plans per enrolled employee for employee-plus-one coverage at private-sector establishments that offer health insurance","4,957 ","suppressed","suppressed","suppressed","suppressed","5,484 ","4,821 ","5,001 ","505.20 ","suppressed","suppressed","suppressed","suppressed","856.48 ","448.84 ","650.72 "
"II.E.2.e","Average total employee contribution (in dollars) for self-insured plans per enrolled employee for employee-plus-one coverage at private-sector establishments that offer health insurance","3,744 ","suppressed","suppressed","suppressed","5,901 ","3,323 ","suppressed","3,705 ","331.95 ","suppressed","suppressed","suppressed","658.76 ","354.33 ","suppressed","335.61 "
"II.E.3","Percent of total premiums contributed (in dollars) by employees enrolled in employee-plus-one coverage at establishments that offer health insurance","21.7% ","suppressed","suppressed","suppressed","28.2% ","18.9% ","36.1% ","20.9% ","1.74% ","suppressed","suppressed","suppressed","3.48% ","1.96% ","3.70% ","1.77% "
"II.E.3.d","Percent of total premiums for purchased plans contributed by employees enrolled in employee-plus-one coverage at private-sector establishments that offer health insurance","26.6% ","suppressed","suppressed","suppressed","suppressed","27.3% ","suppressed","24.8% ","3.12% ","suppressed","suppressed","suppressed","suppressed","5.41% ","suppressed","3.55% "
"II.E.3.e","Percent of total premiums for self-insured plans contributed by employees enrolled in employee-plus-one coverage at private-sector establishments that offer health insurance","20.3% ","suppressed","suppressed","suppressed","33.1% ","17.8% ","suppressed","20.0% ","1.95% ","suppressed","suppressed","suppressed","3.98% ","2.01% ","suppressed","1.95% "
"II.E.4","Percent of employees enrolled in a health insurance plan that have employee-plus-one coverage","16.9% ","suppressed","suppressed","10.% ","13.5% ","20.2% ","9.8%*","17.8% ","1.11% ","suppressed","suppressed","2.49% ","1.73% ","1.43% ","2.98%*","1.18% "
"II.E.4.a","Percent of employees enrolled in a health insurance plan that have employee-plus-one coverage that required no employee contribution","7.4%*","suppressed","0% ","suppressed","6.4%*","8.3%*","0% ","7.9%*","3.75%*","suppressed","0% ","suppressed","5.19%*","4.92%*","0% ","4.01%*"
"II.E.4.b","Percent of private-sector employees enrolled in a health insurance plan that have employee-plus-one coverage that are enrolled in a self-insured plan","77.8% ","suppressed","0% ","suppressed","63.7% ","89.1% ","suppressed","82.1% ","3.98% ","suppressed","0% ","suppressed","9.60% ","3.62% ","suppressed","3.70% "
"II.E.5","Percent of private-sector employees enrolled in a purchased health insurance plan that have employee-plus-one coverage","13.5% ","suppressed","suppressed","11.4% ","14.8% ","20.0% ","9.7%*","15.5% ","1.68% ","suppressed","suppressed","2.44% ","2.99% ","3.11% ","3.28%*","1.88% "
"II.E.6","Percent of private-sector employees enrolled in a self-insured health insurance plan that have employee-plus-one coverage","18.2% ","suppressed","suppressed","suppressed","12.8% ","20.2% ","suppressed","18.4% ","1.41% ","suppressed","suppressed","suppressed","2.05% ","1.56% ","suppressed","1.43% "
"II.F.1","Percent of private-sector employees enrolled in a health insurance plan that had a deductible","91.4% ","100% ","88.8% ","92.7% ","99.9% ","88.2% ","95.6% ","90.9% ","2.98% ","0% ","8.16% ","7.14% ","0.15% ","4.54% ","3.13% ","3.34% "
"II.F.2","Average individual deductible (in dollars) per employee enrolled with single coverage in a health insurance plan that had a deductible at private-sector establishments","2,035 ","suppressed","suppressed","3,401 ","1,965 ","1,702 ","2,786 ","1,907 ","131.24 ","suppressed","suppressed","525.53 ","168.44 ","114.64 ","489.42 ","126.13 "
"II.F.3","Average family deductible (in dollars) per employee enrolled with family coverage in a health insurance plan that had a deductible at private-sector establishments","3,275 ","suppressed","suppressed","suppressed","3,704 ","3,147 ","suppressed","3,284 ","241.00 ","suppressed","suppressed","suppressed","267.05 ","342.17 ","suppressed","257.35 "
"II.F.4","Percent of private-sector employees enrolled in a health insurance plan that had a copayment for an office visit to a physician","55.6% ","suppressed","suppressed","52.7% ","82.1% ","46.4% ","66.9% ","54.1% ","4.08% ","suppressed","suppressed","13.21% ","5.44% ","5.11% ","10.25% ","4.37% "
"II.F.5","Average copayment (in dollars) for an office visit to a physician per employee enrolled in a health insurance plan that had a physician copayment at private-sector establishments","26 ","suppressed","suppressed","31 ","25 ","24 ","29 ","25 ","0.85 ","suppressed","suppressed","4.88 ","1.03 ","0.95 ","3.93 ","0.70 "
"II.F.6","Average coinsurance (in percents) for an office visit to a physician per employee enrolled in a health insurance plan that had a physician coinsurance at private-sector establishments","20.4% ","20% ","20% ","20.0% ","20.9% ","20.5% ","20% ","20.5% ","0.84% ","0.00% ","0.00% ","0.03% ","1.41% ","1.13% ","0.00% ","0.92% "
"II.F.7","Percent of private-sector employees enrolled in a health insurance plan that had a coinsurance payment for an office visit to a physician","37.8% ","suppressed","suppressed","39.0%*","18.6% ","44.6% ","28.9%*","39.0% ","4.38% ","suppressed","suppressed","13.62%*","5.32% ","5.89% ","9.18%*","4.77% "
"II.F.8","Percent of private-sector employees enrolled with single coverage health insurance in a plan that had an individual maximum out-of-pocket","91.2% ","97.3% ","suppressed","87.9% ","94.9% ","94.0% ","81.5% ","92.8% ","2.53% ","2.81% ","suppressed","9.17% ","2.65% ","3.01% ","8.17% ","2.61% "
"II.F.9","Percent of private-sector employees enrolled with family coverage in a health insurance plan that had a family maximum out-of-pocket","94.7% ","100% ","suppressed","97.1% ","99.2% ","94.8% ","81.2% ","96.0% ","2.10% ","0% ","suppressed","3.08% ","0.59% ","2.51% ","12.66% ","1.78% "
"II.F.10","Average individual out-of-pocket maximum (in dollars) per employee enrolled with single coverage in a health insurance plan that had a maximum out-of-pocket at private-sector establishments","5,355 ","suppressed","suppressed","6,297 ","5,551 ","4,902 ","7,288 ","5,069 ","189.60 ","suppressed","suppressed","722.79 ","573.50 ","143.52 ","547.52 ","174.04 "
"II.F.11","Average family maximum out-of-pocket (in dollars) per employee enrolled with family coverage in a health insurance plan that had a maximum out-of-pocket at private-sector establishments","9,904 ","suppressed","suppressed","suppressed","13,230 ","8,888 ","suppressed","10,064 ","1006.43 ","suppressed","suppressed","suppressed","1379.09 ","1205.49 ","suppressed","1066.49 "
"II.F.12","Among private-sector enrollees with single coverage: Percent in a high deductible health insurance plan","45.4% ","suppressed","suppressed","67.8% ","50.8% ","39.2% ","56.1% ","43.6% ","3.67% ","suppressed","suppressed","12.55% ","8.31% ","4.04% ","11.25% ","3.76% "
"II.F.12.a","Among private-sector enrollees in a single coverage high deductible health insurance plan: Percent where the employer contributed to an HSA or an HRA","48.3% ","suppressed","0% ","15.8%*","40.7% ","68.4% ","24.8%*","53.4% ","5.70% ","suppressed","0% ","8.32%*","9.27% ","7.00% ","13.71%*","5.99% "
"II.F.12.b","Among private-sector enrollees with single coverage: Percent in a non-high deductible health insurance plan with exclusive providers","20.4% ","suppressed","suppressed","0% ","2.6%*","30.9% ","15.0%*","21.3% ","2.78% ","suppressed","suppressed","0% ","2.24%*","4.46% ","6.65%*","3.07% "
"II.F.12.c","Among private-sector enrollees with single coverage: Percent in a non-high deductible health insurance plan with mixed providers where a gatekeeper is required","4.1%*","suppressed","suppressed","suppressed","2.8%*","1.6%*","15.1%*","2.2%*","1.71%*","suppressed","suppressed","suppressed","2.17%*","0.93%*","9.67%*","0.95%*"
"II.F.12.d","Among private-sector enrollees with single coverage: Percent in a non-high deductible health insurance plan with mixed providers where a gatekeeper is not required","22.1% ","0% ","suppressed","25.9%*","26.2%*","22.5% ","7.8%*","24.5% ","3.42% ","0% ","suppressed","12.31%*","8.74%*","4.05% ","5.47%*","3.80% "
"II.F.12.e","Among private-sector enrollees with single coverage: Percent in a non-high deductible health insurance plan with any providers","8.0% ","0% ","suppressed","2.9%*","17.6%*","5.9%*","6.0%*","8.3%*","2.32% ","0% ","suppressed","2.11%*","7.18%*","3.00%*","3.68%*","2.63%*"
"II.F.13","Among private-sector enrollees with single coverage: Percent enrolled in a high deductible health insurance plan where the employer contributed to an HSA or an HRA","21.9% ","suppressed","0% ","10.7%*","20.7% ","26.8% ","13.9%*","23.3% ","2.75% ","suppressed","0% ","5.47%*","5.69% ","3.67% ","7.51%*","2.91% "
"II.F.14","Among private-sector enrollees with single coverage: Percent enrolled in a high deductible health insurance plan where the employer did not contribute to an HSA or an HRA","23.5% ","suppressed","suppressed","57.1% ","30.1% ","12.4% ","42.2%*","20.3% ","3.57% ","suppressed","suppressed","13.21% ","6.95% ","3.15% ","12.76%*","3.46% "
"II.F.15","Among private-sector enrollees with family coverage: Percent in a high deductible health insurance plan","45.0% ","suppressed","suppressed","suppressed","65.8% ","38.7% ","suppressed","45.4% ","7.91% ","suppressed","suppressed","suppressed","17.25% ","8.10% ","suppressed","8.58% "
"II.F.15.a","Among private-sector enrollees in a family coverage high deductible health insurance plan:  Percent where the employer contributed to an HSA or an HRA","38.5% ","suppressed","0% ","suppressed","17.0%*","57.4% ","suppressed","40.7% ","10.74% ","suppressed","0% ","suppressed","12.32%*","13.89% ","suppressed","12.12% "
"II.F.15.b","Among private-sector enrollees with family coverage: Percent in a non-high deductible health insurance plan with exclusive providers","15.6% ","suppressed","suppressed","0% ","2.4%*","20.1% ","suppressed","14.6% ","3.14% ","suppressed","suppressed","0% ","2.19%*","4.04% ","suppressed","2.97% "
"II.F.15.c","Among private-sector enrollees with family coverage: Percent in a non-high deductible health insurance plan with mixed providers where a gatekeeper is required","3.0%*","suppressed","suppressed","suppressed","5.0%*","0.1%*","suppressed","2.2%*","1.45%*","suppressed","suppressed","suppressed","4.68%*","0.07%*","suppressed","1.38%*"
"II.F.15.d","Among private-sector enrollees with family coverage: Percent in a non-high deductible health insurance plan with mixed providers where a gatekeeper is not required","31.0% ","0% ","suppressed","suppressed","15.7%*","37.6% ","suppressed","32.0% ","7.34% ","0% ","suppressed","suppressed","10.21%*","9.30% ","suppressed","7.97% "
"II.F.15.e","Among private-sector enrollees with family coverage: Percent in a non-high deductible health insurance plan with any providers","5.4%*","0% ","suppressed","suppressed","11.0%*","3.5%*","1.3%*","5.8%*","2.42%*","0% ","suppressed","suppressed","8.38%*","2.08%*","1.32%*","2.68%*"
"II.F.16","Among private-sector enrollees with family coverage: Percent in a high deductible health insurance plan where the employer contributed to an HSA or an HRA","17.4% ","0% ","0% ","suppressed","11.2%*","22.2% ","suppressed","18.5% ","3.65% ","0% ","0% ","suppressed","6.45%*","4.95% ","suppressed","4.04% "
"II.F.17","Among private-sector enrollees with family coverage: Percent in a high deductible health insurance plan where the employer did not contribute to an HSA or an HRA","27.7%*","suppressed","suppressed","suppressed","54.6%*","16.5%*","suppressed","26.9%*","8.83%*","suppressed","suppressed","suppressed","20.75%*","7.76%*","suppressed","9.70%*"
"II.F.18","Percent of private-sector employees enrolled in a health insurance plan that had a copayment for an office visit to a specialist physician","56.3% ","suppressed","suppressed","44.1% ","84.0% ","48.4% ","61.6% ","55.6% ","4.08% ","suppressed","suppressed","12.82% ","5.17% ","5.13% ","10.83% ","4.38% "
"II.F.19","Average copayment (in dollars) for an office visit to a specialist physician per employee enrolled in a health insurance plan that had a specialist physician copayment at private-sector establishments","49 ","suppressed","suppressed","52 ","55 ","47 ","49 ","50 ","2.52 ","suppressed","suppressed","8.79 ","5.23 ","3.09 ","5.18 ","2.79 "
"II.F.20","Average coinsurance (in percentages) for an office visit to a specialist physician per employee enrolled in a health insurance plan that had a specialist physician coinsurance at private-sector establishments","21.6% ","23.4% ","20% ","19.9% ","22.1% ","22.0% ","20.4% ","21.8% ","1.10% ","1.52% ","0.00% ","0.09% ","1.69% ","1.53% ","0.50% ","1.22% "
"II.F.21","Percent of private-sector employees enrolled in a health insurance plan that had a coinsurance payment for an office visit to a specialist physician","39.5% ","suppressed","suppressed","50.0% ","18.7% ","45.1% ","36.5% ","40.0% ","4.39% ","suppressed","suppressed","13.25% ","5.36% ","5.85% ","10.52% ","4.76% "
"II.F.22","Percent of private-sector employees enrolled in a health insurance plan that had a copayment for hospital admission per day","0.7%*","0% ","1.0%*","2.2%*","1.7%*","0.1%*","0.4%*","0.7%*","0.34%*","0% ","1.05%*","2.23%*","1.29%*","0.06%*","0.39%*","0.38%*"
"II.F.23","Percent of private-sector employees enrolled in a health insurance plan that had a copayment for hospital admission per stay","15.6% ","suppressed","suppressed","7.7%*","20.1%*","15.8%*","9.4%*","16.5% ","3.54% ","suppressed","suppressed","4.94%*","8.44%*","4.86%*","5.52%*","3.93% "
"II.F.24","Average copayment (in dollars) for a hospital admission per day per employee enrolled in a health insurance plan that had a hospital admission copayment per day at private-sector establishments","suppressed","suppressed","suppressed","suppressed","suppressed","suppressed","suppressed","suppressed","suppressed","suppressed","suppressed","suppressed","suppressed","suppressed","suppressed","suppressed"
"II.F.25","Average copayment (in dollars) for a hospital admission per stay per employee enrolled in a health insurance plan that had a hospital admission copayment per stay at private-sector establishments","662*","suppressed","162 ","suppressed","suppressed","872*","174 ","699*","201.96*","suppressed","8.48 ","suppressed","suppressed","285.68*","14.18 ","214.57*"
"II.F.26","Average coinsurance (in percentages) for a hospital admission per employee enrolled in a health insurance plan that had a hospital coinsurance at private-sector establishments","19.1% ","20.0% ","20.2% ","25.5% ","20.8% ","17.4% ","24.2% ","18.4% ","0.68% ","0.00% ","1.41% ","4.02% ","0.51% ","0.87% ","3.27% ","0.61% "
"II.F.27","Percent of private-sector employees enrolled in a health insurance plan that had a coinsurance payment for hospital admission","82.0% ","suppressed","77.3% ","73.1% ","92.1% ","81.3% ","78.7% ","82.5% ","3.74% ","suppressed","13.10% ","10.39% ","5.51% ","5.18% ","9.01% ","4.06% "
"II.F.28","Percent of private-sector employees enrolled in a health insurance plan that had a separate deductible for prescription drugs","8.9% ","suppressed","0% ","13.2%*","12.1%*","7.1%*","6.1%*","9.2% ","2.26% ","suppressed","0% ","8.46%*","6.19%*","2.53%*","6.06%*","2.42% "
"II.F.29","Average prescription drug deductible (in dollars) per employee enrolled in a health insurance plan that had a separate prescription drug deductible at private sector establishments","467*","suppressed","suppressed","suppressed","suppressed","164 ","suppressed","443*","233.67*","suppressed","suppressed","suppressed","suppressed","43.91 ","suppressed","253.11*"
"II.F.34","Among private-sector employees enrolled in a health insurance plan: Overall average (in percents) in a high deductible health insurance plan","44.2% ","suppressed","suppressed","61.0% ","57.1% ","38.5% ","50.0% ","43.5% ","4.16% ","suppressed","suppressed","12.70% ","10.74% ","4.94% ","9.33% ","4.54% "
"II.F.35","Percent of private-sector employees enrolled in a plan that covers any of the costs of non-emergency out-of-network care","68.2% ","suppressed","suppressed","74.0% ","87.7% ","63.0% ","47.7% ","70.9% ","3.71% ","suppressed","suppressed","11.46% ","4.48% ","5.14% ","11.38% ","3.74% "
"II.F.36","Among private-sector employees enrolled in a plan that covers any of the costs of non-emergency out-of-network care, percent with an annual out-of-network deductible","85.6% ","96.7% ","100% ","78.5% ","86.2% ","85.4% ","84.6% ","85.7% ","3.86% ","3.88% ","0% ","9.51% ","7.11% ","5.60% ","9.82% ","4.11% "
"II.F.37","Average out-of-network individual deductible (in dollars) per employee enrolled with single coverage","4,129 ","suppressed","suppressed","suppressed","4,427 ","3,981 ","suppressed","4,244 ","284.58 ","suppressed","suppressed","suppressed","532.12 ","327.40 ","suppressed","299.53 "
"II.F.38","Average out-of-network employee-plus-one deductible (in dollars) per employee enrolled with employee-plus-one coverage","6,945 ","suppressed","suppressed","suppressed","6,787 ","7,208 ","suppressed","7,018 ","512.69 ","suppressed","suppressed","suppressed","852.90 ","627.76 ","suppressed","519.35 "
"II.F.39","Average out-of-network family deductible (in dollars) per employee enrolled with family coverage","7,749 ","suppressed","suppressed","suppressed","8,359 ","8,283 ","suppressed","8,007 ","680.23 ","suppressed","suppressed","suppressed","614.74 ","1025.50 ","suppressed","694.47 "
"II.F.40","Average copayment (in dollars) per day for an out-of-network hospital admission per employee enrolled in a health insurance plan","suppressed","suppressed","suppressed","suppressed","suppressed","suppressed","suppressed","suppressed","suppressed","suppressed","suppressed","suppressed","suppressed","suppressed","suppressed","suppressed"
"II.F.41","Average copayment (in dollars) per stay for an out-of-network hospital admission per employee enrolled in a health insurance plan","2,141*","suppressed","suppressed","suppressed","suppressed","suppressed","suppressed","2,141*","698.03*","suppressed","suppressed","suppressed","suppressed","suppressed","suppressed","698.03*"
"II.F.42","Average coinsurance (in percentages) for an out-of-network hospital admission per employee enrolled in a health insurance plan","41.0% ","41.3% ","suppressed","47.5% ","44.1% ","37.0% ","48.5% ","40.3% ","1.99% ","1.55% ","suppressed","4.90% ","2.80% ","2.80% ","5.03% ","2.12% "
"II.F.43","Average annual maximum out-of-pocket expense (in dollars) for out-of-network care per employee enrolled with single coverage","9,068 ","18,723 ","suppressed","suppressed","8,618 ","7,985 ","17,956 ","8,251 ","632.96 ","1227.25 ","suppressed","suppressed","1159.28 ","574.88 ","862.74 ","559.54 "
"II.F.44","Average annual maximum out-of-pocket expense (in dollars) for out-of-network care per employee enrolled with employee-plus-one coverage","14,872 ","suppressed","suppressed","suppressed","18,659 ","13,302 ","35,344 ","14,290 ","1473.28 ","suppressed","suppressed","suppressed","2485.70 ","1614.89 ","1591.36 ","1416.05 "
"II.F.45","Average annual maximum out-of-pocket expense (in dollars) for out-of-network care per employee enrolled with family coverage","16,471 ","suppressed","suppressed","suppressed","13,331 ","16,924 ","suppressed","16,062 ","3157.21 ","suppressed","suppressed","suppressed","2193.18 ","3953.79 ","suppressed","3259.11 "

